review_id,employee_id,review_date,rating,comments
1,1,2022-11-26,3.5,
2,1,2024-08-24,3.2,Put memory soldier where save probably.
3,2,2016-07-14,1.3,Middle plan friend stand seem.
4,3,2024-03-14,1.1,Different current agency each little.
5,4,2019-03-01,2.7,
6,4,2021-08-04,4.6,Lay though offer responsibility.
7,4,2017-12-13,4.6,
8,5,2025-02-15,1.4,Manager during prevent accept seem show.
9,6,2023-06-15,4.7,
10,6,2023-07-01,4.9,Sing despite sound receive.
11,7,2025-01-08,1.7,Anyone eat summer lead soon property write.
12,7,2025-04-17,4.2,Fish sense kind spring throughout interview trade knowledge.
13,8,2018-12-19,1.6,Season listen else easy.
14,9,2020-03-01,4.4,
15,9,2024-11-22,2.4,She miss phone ever back.
16,10,2017-11-01,1.1,
17,11,2020-07-29,4.5,Doctor from throw ball character.
18,11,2020-07-31,2.4,Really relationship ask imagine my indeed.
19,12,2025-05-24,3.1,Strategy hope show watch affect.
20,12,2021-04-24,4.5,
21,12,2023-12-03,4.9,
22,13,2021-12-26,2.7,Herself accept goal send table well industry.
23,14,2022-02-14,3.4,Son today major event magazine home protect.
24,14,2021-07-19,4.6,
25,15,2024-09-24,1.0,Right subject try wonder move trade.
26,16,2024-12-17,3.9,North agree poor career left anyone here deep.
27,16,2024-11-14,1.8,Front they everything week instead strong.
28,16,2024-11-01,4.7,Affect much yourself glass practice sit prepare.
29,17,2018-11-13,3.9,Wear current after.
30,17,2020-12-08,3.7,Draw list boy way.
31,17,2025-04-15,2.2,
32,18,2025-05-02,4.8,Record short cold parent security boy standard.
33,18,2022-08-01,3.5,Blue agent find quality when.
34,19,2025-03-30,1.0,
35,19,2024-09-05,4.1,Walk cup option store drug recent.
36,19,2024-07-11,2.9,Sure outside building worker site.
37,20,2024-12-10,2.9,Mouth product attention positive actually information.
38,21,2023-04-21,3.6,
39,21,2024-09-08,3.5,Black whether player stock religious itself safe.
40,21,2025-02-14,4.8,
41,22,2021-05-02,4.2,
42,22,2019-05-02,2.0,Pattern try simple let stay.
43,23,2021-11-06,2.7,Environmental system store beautiful think during let particular.
44,24,2024-08-21,3.0,
45,25,2023-11-09,1.0,From management foot maintain great election.
46,25,2024-10-12,4.5,They red everybody act way.
47,25,2018-08-07,1.7,Drop image new drive.
48,26,2024-06-20,1.2,
49,26,2020-08-15,2.8,Position make society behavior develop reality fill.
50,26,2025-03-20,5.0,Hard network gas you nearly goal law fill.
51,27,2024-09-07,2.7,Building court build movie several.
52,27,2024-01-10,4.6,Course school everybody operation.
53,28,2024-04-16,2.0,
54,28,2025-05-05,2.1,Others wonder strategy fast guess few remain.
55,29,2024-12-04,2.0,Ever window network recently.
56,29,2025-01-18,2.1,
57,30,2024-09-11,1.3,
58,30,2024-04-03,3.8,Point sell bill activity.
59,31,2023-05-04,2.6,Light key continue anything wait.
60,32,2025-05-06,1.8,Box assume man officer rather charge specific.
61,32,2025-05-29,3.3,Be easy newspaper indicate other.
62,33,2020-02-24,2.9,Difficult mission late kind team wrong figure perform.
63,33,2019-03-26,4.0,Whether between several personal enough ball dream necessary.
64,33,2025-04-03,2.7,Able late order fact.
65,34,2025-01-18,4.6,Explain executive teacher author do.
66,34,2021-05-06,2.7,
67,34,2022-01-20,3.7,Skin person product value interesting.
68,35,2022-11-11,4.4,Different chance enter central arrive society organization.
69,35,2024-12-05,1.1,Tv keep light fight I evening music.
70,35,2025-02-05,3.7,
71,36,2022-03-26,4.5,
72,36,2022-12-06,2.5,
73,37,2023-11-05,4.0,Ball always it focus economy before.
74,37,2025-01-03,4.8,Onto again share start office several compare.
75,38,2020-10-14,1.1,Prepare trouble consider one play man before.
76,39,2020-01-26,3.6,Impact fly bit claim in many.
77,39,2024-11-11,1.2,
78,40,2018-02-16,4.4,Spend nearly lawyer fire follow wife.
79,41,2024-11-22,2.9,
80,42,2024-06-22,3.8,Ten stay ability thank left approach.
81,43,2023-06-25,3.4,Gun series personal service data near until.
82,44,2024-07-31,4.9,
83,45,2020-04-27,3.3,Thing machine ahead picture son report.
84,46,2023-06-07,4.8,
85,46,2021-09-15,1.4,Nearly need behavior yeah tree.
86,47,2023-03-12,4.2,Water positive child usually factor relate indeed.
87,47,2022-09-30,2.4,Woman during necessary himself two meet these.
88,47,2024-08-04,1.3,Everybody so increase various.
89,48,2025-04-01,2.7,Environment able rise study oil process tend.
90,49,2024-04-18,3.5,Mrs generation necessary myself lay focus country.
91,49,2023-02-15,2.7,Occur do simply analysis seat.
92,50,2023-05-07,3.5,History professional star wonder manager already.
93,50,2024-07-17,2.9,Whole forward beyond suddenly between treat address.
94,50,2025-02-25,2.1,Improve pressure child light.
95,51,2020-01-17,4.5,
96,52,2024-10-09,3.4,Full realize power system system.
97,52,2023-04-04,3.0,Here first responsibility service their along attention.
98,53,2019-03-18,2.4,
99,53,2019-12-20,4.5,Range explain dinner bed within set region beyond.
100,54,2019-05-15,3.1,
101,54,2021-12-17,3.9,Really tough animal someone.
102,55,2025-05-29,2.9,Grow issue each include radio.
103,56,2024-12-08,1.1,
104,56,2023-11-07,3.8,Color bad that people.
105,57,2021-08-07,2.9,Marriage on discussion point least.
106,57,2022-03-26,5.0,Together let explain.
107,57,2021-05-29,3.8,
108,58,2021-03-22,1.5,
109,58,2019-12-23,4.0,Citizen kid generation onto police interesting economic.
110,59,2019-08-24,1.8,Current his low down occur.
111,59,2020-09-01,3.9,Fast recognize against stop how account ten.
112,59,2023-06-14,3.4,Treat seat strategy.
113,60,2024-06-10,1.9,
114,61,2020-12-01,2.1,Simply discover soon despite couple.
115,62,2019-01-07,3.8,
116,62,2024-03-08,3.0,Question return process stuff pick.
117,62,2022-03-07,2.1,Position final kid often run bed far section.
118,63,2025-04-21,4.9,
119,63,2025-05-29,1.5,
120,64,2024-11-16,3.3,Customer skill theory hand.
121,64,2024-12-06,1.6,Tree store either station loss southern second.
122,65,2019-06-25,5.0,
123,65,2023-03-12,3.4,Sound life away senior difficult put.
124,66,2025-04-12,2.5,Whose source hand so add Mr.
125,67,2024-03-30,2.2,Happy see energy herself police he push.
126,67,2020-07-19,4.8,
127,68,2021-08-17,3.6,
128,69,2024-02-27,1.3,
129,70,2024-06-04,2.9,
130,70,2020-12-30,3.8,Agent this no trip determine as statement.
131,71,2021-09-10,3.7,Power bring animal also you.
132,71,2024-10-19,3.4,Best thought career law.
133,72,2022-09-18,1.5,
134,73,2023-01-17,4.3,
135,74,2025-04-13,3.4,Industry score choice increase between majority impact.
136,75,2024-05-26,1.5,Allow have kitchen wear talk.
137,75,2023-12-28,4.8,Wonder happen top population.
138,76,2022-05-15,1.3,
139,76,2022-04-21,3.9,Huge couple business summer.
140,77,2021-03-24,1.9,Begin deep police wife anything four writer.
141,78,2022-08-08,4.8,Day stop never only spend do similar.
142,78,2023-07-23,4.3,Able teach certain candidate economy company produce ago.
143,78,2024-07-29,4.0,Group small open.
144,79,2025-04-11,4.7,
145,79,2025-04-08,3.5,Company appear score.
146,79,2024-10-13,2.9,Box as large gun order later develop.
147,80,2024-03-24,1.4,
148,80,2021-05-01,3.8,
149,81,2025-04-28,3.2,Analysis situation term miss leader who article look.
150,81,2020-04-27,2.0,
151,82,2019-09-30,3.6,International blue Republican kitchen tonight focus.
152,82,2024-05-14,1.2,Assume every plan nature.
153,83,2024-03-12,3.0,Herself our far measure involve soldier.
154,83,2016-04-16,1.8,Table prepare shoulder result.
155,83,2018-12-10,2.8,Involve thousand including still human.
156,84,2019-08-09,4.9,Fine fine effort well.
157,85,2024-03-24,1.6,Attack story behavior benefit school speech news.
158,86,2022-05-24,1.4,What no prove improve them wait institution trouble.
159,86,2019-02-02,2.8,
160,86,2019-07-18,3.0,Why outside goal.
161,87,2025-01-12,2.7,Medical choice lot suggest glass news boy.
162,87,2025-04-24,2.0,Off southern suddenly window stand.
163,87,2025-03-10,1.8,Push news participant price really ahead event several.
164,88,2025-02-03,1.5,
165,88,2024-10-17,4.2,Go consider century price attorney scientist.
166,88,2025-03-31,4.2,
167,89,2019-06-16,3.9,Begin most heavy.
168,90,2025-05-20,3.0,
169,90,2025-04-19,2.9,Game have return since nothing be apply.
170,90,2025-04-21,2.5,Senior anyone bank kitchen.
171,91,2025-05-17,2.0,Magazine kind event sense box involve.
172,92,2023-09-28,2.3,Question or money final determine.
173,92,2024-09-08,2.5,Area daughter war should share face build market.
174,93,2020-07-09,3.0,
175,93,2024-06-12,4.9,Compare herself region matter street south.
176,93,2019-12-10,4.5,However score job least.
177,94,2023-06-01,1.1,
178,94,2020-01-09,1.3,Television office of remember.
179,94,2021-04-06,2.4,Face if whom commercial way least.
180,95,2017-09-02,4.4,Because such during open model how.
181,95,2022-10-03,2.5,Second develop single baby plan.
182,95,2024-10-30,4.5,Member town glass road standard spring door.
183,96,2015-06-10,3.5,
184,96,2022-09-17,4.7,Eight community check service.
185,96,2023-05-30,1.4,Concern significant management senior.
186,97,2025-04-25,4.5,Large under north play person ten physical character.
187,97,2025-04-22,2.2,
188,97,2025-01-18,4.2,
189,98,2022-10-13,1.6,Light place someone option.
190,98,2024-04-19,3.7,
191,99,2023-10-06,3.4,Medical financial later arm story baby.
192,100,2022-01-16,3.0,Past medical leg never.
193,100,2021-12-29,2.8,
194,100,2022-02-14,3.7,Last special prepare.
195,101,2025-05-23,2.2,Painting may whatever late specific study.
196,101,2024-10-23,2.8,Mean common easy just.
197,102,2021-09-13,3.6,Model particular hair truth hold simple.
198,102,2021-02-24,2.8,Appear piece free form newspaper hit edge surface.
199,102,2022-08-29,4.4,
200,103,2023-11-25,2.4,
201,103,2024-08-12,2.2,Their four old center glass whose recognize hot.
202,104,2021-09-01,2.1,Remember be next poor foreign campaign reflect water.
203,104,2024-12-02,4.1,Behavior provide meet adult final week game.
204,104,2024-01-11,4.0,Court yourself choice fast small medical music.
205,105,2021-10-09,3.4,Also from short capital heavy class story.
206,105,2021-04-28,3.5,Speak close join improve put down know expect.
207,106,2025-05-08,3.6,Doctor dream whole six tough create question.
208,106,2024-07-27,1.4,Worker left example high month whom stage.
209,106,2021-04-08,2.2,Catch economic political them never bill suffer surface.
210,107,2025-05-13,3.9,
211,107,2025-05-08,2.3,Base civil last message store.
212,107,2025-05-02,1.5,Watch develop later glass.
213,108,2024-09-10,3.0,
214,108,2022-08-21,2.0,Increase how hear.
215,109,2024-12-31,2.2,Yes heart agreement us stuff practice.
216,109,2024-12-27,1.5,Case expert stop receive.
217,110,2024-09-17,4.9,Serve light past town.
218,111,2025-04-29,4.9,Eight strong nature.
219,111,2025-06-01,3.2,
220,111,2025-02-17,1.1,Month book explain feeling answer information soldier lead.
221,112,2021-10-25,3.7,Student matter movie place.
222,112,2024-03-28,2.5,Drop century investment pass drive indicate professor.
223,113,2018-11-30,3.7,Model guess well name.
224,113,2024-08-24,4.5,Never hospital like player wonder effect administration.
225,114,2018-05-13,3.6,General run pick sign.
226,114,2021-02-01,4.6,Card good full poor store range.
227,114,2020-06-17,1.5,
228,115,2024-01-22,5.0,
229,116,2025-05-24,3.2,Place specific as simply leader fall analysis.
230,117,2025-05-29,4.8,Though firm financial huge spring.
231,117,2025-01-16,2.7,Education send course ground sit tend forward.
232,118,2024-09-30,3.6,Son join hundred keep.
233,119,2021-01-05,4.8,
234,119,2024-03-06,2.5,Fund cost reality happen something entire.
235,119,2019-02-01,4.4,
236,120,2022-05-22,3.2,Risk bad own state.
237,120,2022-05-04,1.2,
238,120,2021-01-05,4.8,Family bill foreign fast knowledge response coach.
239,121,2024-04-13,1.8,Goal amount thank good your ever.
240,122,2021-03-14,4.1,
241,123,2022-01-17,1.3,Avoid point guy song.
242,124,2025-06-01,4.3,
243,125,2025-02-20,1.0,Well central parent sit.
244,126,2023-02-06,3.2,Call door population.
245,127,2024-11-05,4.5,
246,128,2022-02-21,3.4,
247,128,2022-06-13,1.2,Him note painting quickly we head.
248,129,2022-12-03,4.0,Off morning huge power.
249,129,2024-04-25,3.1,
250,129,2025-02-09,1.9,Whether ago control military trial.
251,130,2024-04-21,4.6,Energy employee land you.
252,130,2021-08-08,2.8,Really your customer career available.
253,130,2020-04-02,5.0,Together knowledge because radio.
254,131,2023-11-29,1.4,Property remember nearly face feel church.
255,131,2022-07-20,1.3,
256,132,2019-06-11,1.3,
257,132,2024-11-17,3.3,Soldier meeting building cut.
258,132,2022-01-19,5.0,Door management guess occur.
259,133,2021-05-21,3.4,
260,133,2023-08-03,1.5,Sound necessary partner beat finally yourself rest.
261,134,2023-04-27,4.5,Improve important offer by first avoid letter.
262,134,2025-03-12,1.9,General there sister policy consider whom item.
263,134,2020-04-27,2.6,Story million fight class.
264,135,2023-08-09,2.3,
265,135,2022-01-24,3.7,Generation wait thus suffer economy.
266,136,2022-01-28,1.4,
267,137,2019-04-05,4.2,Ever person pass behavior political option oil.
268,137,2021-08-28,4.8,Probably result painting successful.
269,137,2022-08-05,1.5,American tell ball we side enough decision.
270,138,2025-01-15,2.7,Indicate police marriage phone face what lot.
271,138,2023-01-30,4.9,Father authority art keep machine daughter.
272,138,2023-12-04,1.4,Century technology floor write generation human set middle.
273,139,2023-01-09,2.9,Five letter environment easy.
274,140,2025-03-27,3.2,
275,140,2018-11-18,3.3,Anything war ten industry.
276,141,2024-09-04,3.4,Spend value return couple.
277,141,2025-01-05,1.1,
278,141,2025-01-27,4.7,Marriage method material final.
279,142,2017-05-26,3.3,Bed hotel lead.
280,143,2024-10-07,4.9,
281,144,2023-09-16,2.5,Democrat good anything manager think.
282,144,2023-05-21,2.5,Experience account blue care enough hand idea.
283,144,2022-12-23,4.5,
284,145,2017-12-16,3.7,
285,145,2024-10-28,2.7,Hundred now crime.
286,145,2022-01-17,2.1,Eye hit late near stay perhaps particularly.
287,146,2020-05-08,2.7,
288,147,2025-04-23,2.9,Window hour some fund.
289,147,2024-12-04,1.9,Sense current meeting matter and case.
290,147,2024-12-07,1.0,Sound mind chance throw cause use.
291,148,2022-03-26,4.1,
292,149,2017-10-23,3.0,Class wrong school federal from stock.
293,150,2024-08-02,3.1,
294,151,2024-08-16,4.2,
295,151,2017-08-10,2.7,Majority none little admit former body indicate.
296,151,2018-01-02,4.4,Someone rise read ago listen.
297,152,2020-08-15,3.8,Officer return on color pick people subject challenge.
298,152,2017-05-18,2.6,All way body affect finish.
299,152,2018-01-05,4.2,Include data maybe particularly.
300,153,2024-12-27,2.4,Their save artist catch debate foot production.
301,153,2020-06-04,2.0,Heavy what least mouth national put test.
302,153,2022-10-09,1.3,Particular court east newspaper different.
303,154,2023-07-22,1.9,Side relate real major look.
304,154,2020-08-08,3.0,
305,154,2021-12-03,4.6,Value somebody event business quality here woman.
306,155,2024-10-29,3.6,
307,155,2020-10-23,1.6,
308,155,2023-08-12,1.6,West source fact explain research get.
309,156,2017-08-04,4.8,Pretty section degree still even no.
310,157,2024-11-04,3.7,Case past only drug prove.
311,157,2024-02-20,4.5,Difficult do beyond form line race case.
312,158,2021-01-13,1.3,Within citizen present thing little practice sense.
313,159,2022-08-06,3.4,Fly position traditional become off.
314,159,2020-05-06,2.2,School sure also TV individual study value.
315,160,2022-12-09,4.3,
316,161,2024-09-07,3.4,Young however many.
317,162,2023-05-08,4.8,Theory across nothing blue work.
318,162,2017-08-05,2.8,Lawyer political modern threat care.
319,162,2024-06-10,1.8,Life cover both class learn either control.
320,163,2020-11-15,4.8,So nothing serious compare task today.
321,163,2024-07-29,4.6,Middle beautiful protect continue cell food.
322,163,2024-01-13,1.3,According himself land environment form.
323,164,2022-07-05,3.8,Reveal activity president realize artist brother fill if.
324,165,2023-12-26,3.4,Type thousand show real police wait happen.
325,165,2021-04-17,2.5,Despite card check security paper.
326,165,2024-10-28,1.2,Reduce tree serious soon stay seven.
327,166,2018-07-16,2.3,Their bank land region back nor article natural.
328,166,2022-02-19,2.1,Dark Mr clearly take kind quite response.
329,167,2025-05-18,4.6,Before member speak law message lead around.
330,167,2021-11-02,1.3,Pull final against effort able design authority.
331,167,2025-02-09,2.4,General as yes various attorney value.
332,168,2023-07-11,2.6,Expert conference career.
333,168,2017-01-18,2.2,Hear through large true help bag.
334,168,2024-12-22,2.3,
335,169,2025-04-07,1.4,Card team budget year hotel camera without.
336,169,2025-03-01,2.4,Series without leg.
337,169,2023-04-29,4.8,Interest here discover leave choice country themselves.
338,170,2024-08-23,1.9,
339,170,2024-06-25,2.2,Allow produce past view.
340,171,2024-09-09,3.2,Drive attack order.
341,171,2021-12-13,1.2,Our reflect any scientist I doctor describe.
342,171,2024-08-21,3.5,Cell year doctor trouble.
343,172,2018-09-07,1.7,Five our pull fly few century produce.
344,173,2024-12-24,4.6,Including every news option same.
345,173,2020-09-09,2.6,Personal interview many win.
346,173,2021-10-11,4.9,Skill five indicate chance heavy senior.
347,174,2022-06-06,1.9,
348,174,2022-08-28,4.6,
349,174,2025-01-01,4.8,Drive different tax certain leg arm include.
350,175,2025-05-22,2.1,Newspaper care drug data position two.
351,175,2025-04-21,2.7,
352,176,2023-08-17,1.6,
353,177,2020-05-30,4.5,Begin right couple environmental purpose owner.
354,177,2016-03-04,3.8,Could seven right next.
355,177,2016-06-02,2.1,Decade trade field training deep couple scientist.
356,178,2023-01-05,4.6,
357,178,2022-11-17,1.4,Trial receive region however dream focus executive.
358,179,2022-02-12,4.7,Move grow end mention market better wonder.
359,179,2022-08-23,3.0,
360,180,2023-11-11,1.9,Seven floor data fine animal ten scientist.
361,181,2024-09-21,4.2,
362,182,2025-01-26,3.8,
363,182,2025-01-19,2.8,
364,183,2020-07-24,2.0,End various often.
365,184,2025-04-13,3.4,Far cultural discover now early nearly.
366,184,2020-05-11,2.0,
367,184,2019-10-20,2.7,Either start whom politics make collection.
368,185,2018-02-22,1.4,College result major true my politics.
369,185,2024-02-18,3.1,Model stuff avoid stand.
370,186,2022-11-07,3.9,
371,186,2021-07-03,3.5,
372,186,2023-10-31,1.7,Share include successful.
373,187,2023-02-06,1.3,Attack character despite lay art.
374,187,2023-12-04,4.1,Tree process administration mother in admit reveal movie.
375,187,2021-03-11,2.6,Admit spend purpose south travel.
376,188,2024-06-21,4.9,
377,188,2023-06-07,2.4,
378,188,2024-01-23,3.9,Truth modern drive people.
379,189,2023-11-20,4.0,
380,189,2019-08-05,3.2,Spring environment however health image.
381,189,2017-08-09,4.3,During recently feel stock ball yard practice.
382,190,2024-03-26,3.5,Behavior here need.
383,190,2021-11-26,3.9,Pm reflect bar suddenly.
384,190,2021-10-03,2.2,
385,191,2020-11-14,2.3,Not teach believe month amount deep.
386,192,2022-11-08,2.9,
387,192,2024-01-07,1.8,Little another avoid understand tonight nor allow.
388,193,2024-05-15,2.3,
389,194,2025-02-27,4.6,Administration debate certain star start up.
390,194,2025-02-01,2.4,
391,195,2021-05-06,2.5,Class drive strong home to.
392,195,2018-10-04,4.2,Himself science so ready bad seat.
393,195,2016-08-26,2.7,Approach join stuff future shoulder western.
394,196,2021-11-17,2.2,
395,197,2025-01-29,2.2,Why for plant situation late direction.
396,197,2025-04-06,1.7,Wait it quickly produce beat peace something.
397,198,2020-01-01,3.9,Bank child Republican plant.
398,198,2024-05-27,2.1,First blood accept final growth especially.
399,199,2025-01-13,3.7,Beautiful issue news mention.
400,200,2025-05-18,1.6,
401,200,2024-07-28,3.7,Ago government behavior our.
402,200,2019-03-06,1.3,Tell activity including single right nice.
